username,user id,access hash,name,group,group id
moder_n4ch,431646855,5252667230059965727,MDR,Лудоманские Будни | Казино Чат,1328218385
itsverygoodnice,433826411,-5533010348578933179,𝐆𝐫𝐞𝐞𝐧 𝐁𝐫𝐚𝐭𝐮𝐡𝐚,Лудоманские Будни | Казино Чат,1328218385
AdamSevani1488,883351465,4524918643490936385,Adam Sevani,Лудоманские Будни | Казино Чат,1328218385
"
"
AndrewVorobey,672776203,-7936689509808728978,Andrew Vorobey,Лудоманские Будни | Казино Чат,1328218385
shmalala_bot,200164142,970096549841044710,Shmalala,Лудоманские Будни | Казино Чат,1328218385
NezhenkaPirozhenka,744537237,6842650278146378974,Неженка Пироженка,Лудоманские Будни | Казино Чат,1328218385
SASH999666LUDOGOLIK,594143385,2000746659392323774,LUDOGOLIK,Лудоманские Будни | Казино Чат,1328218385
batman4848,222941344,4698690735064701772,ᴮᴬᵀᴹᴬᴺ 48,Лудоманские Будни | Казино Чат,1328218385
Anikey32,843912477,4312427872832352912,Anikey,Лудоманские Будни | Казино Чат,1328218385
LUDOMYSH,5905497905,-654700172344507797,LUDOMYSH,Лудоманские Будни | Казино Чат,1328218385
Maksat_69Msa,7776855870,-5328859710158209125,Maksat,Лудоманские Будни | Казино Чат,1328218385
strajl,7271923693,4673004117818115840,тима,Лудоманские Будни | Казино Чат,1328218385
,862056515,3307679636131790090,START 🐈‍⬛,Лудоманские Будни | Казино Чат,1328218385
w138sbot,693810528,-724377276856743224,Trigger Pony,Лудоманские Будни | Казино Чат,1328218385
BLA_EA9,1117435860,333508185372308448,BLACK-EAGLE,Лудоманские Будни | Казино Чат,1328218385
amanet1112,7503511033,7440261397782962895,❤️‍🔥 Амманела ❤️‍🔥 INAGENT ❤️‍🔥,Лудоманские Будни | Казино Чат,1328218385
SangMata_BOT,300860929,-4679184115780988199,SangMata,Лудоманские Будни | Казино Чат,1328218385
NSDcode,1777213824,-9216457642896063394,Zulu NSD,Лудоманские Будни | Казино Чат,1328218385
Felixman33,375590654,-8628574082804816072,𝙁𝙚𝙡𝙞𝙭𝙢𝙖𝙣33,Лудоманские Будни | Казино Чат,1328218385
ChApPa45,1888098731,-6434899035724141813,chappa 😒😮‍💨👎,Лудоманские Будни | Казино Чат,1328218385
AstinTimes,6304606117,-7697338347820369162,Astin Times,Лудоманские Будни | Казино Чат,1328218385
Atas04,842934427,2580473429547698346,Атасик,Лудоманские Будни | Казино Чат,1328218385
VV20219,7407321088,2493651549509085085,В В,Лудоманские Будни | Казино Чат,1328218385
wh1te666,383121493,-3246042243877676797,Ivan 🦴,Лудоманские Будни | Казино Чат,1328218385
murfle,1944892573,5036124281206488831,murfle,Лудоманские Будни | Казино Чат,1328218385
rb_Kirochka,6666297900,-4428331103092946540,Кира,Лудоманские Будни | Казино Чат,1328218385
RikTons,5544045872,5655149892521176907,Foxster,Лудоманские Будни | Казино Чат,1328218385
Antoxa242,736639571,-3519076838134805165,Fan zone[RBL777],Лудоманские Будни | Казино Чат,1328218385
Durman337,954345371,3519628382180897103,ღDURMANღ🍅 🐈‍⬛🥠,Лудоманские Будни | Казино Чат,1328218385
Grib999666,6155299325,6317813018936309762,🍄🍄🍄МухоморЧиК🍄🍄🍄,Лудоманские Будни | Казино Чат,1328218385
markswagga,706101757,-5961684169502489955,Mark,Лудоманские Будни | Казино Чат,1328218385
Dgdhdhj1,1220293834,3118297512926820577,Булкин Василий,Лудоманские Будни | Казино Чат,1328218385
Lleelooo,1891716484,6850640683394962329,Lleeloo,Лудоманские Будни | Казино Чат,1328218385
Zolina777,6678437717,4562196424749509643,Ирина Золина,Лудоманские Будни | Казино Чат,1328218385
Denis_Linkov,776950125,7964874730800881343,Денис,Лудоманские Будни | Казино Чат,1328218385
Anastesha_kiss,581390433,-4110550453667084880,♚♡𝓐𝓷𝓪𝓼𝓽𝓪𝓼𝓲𝓪 ♡♚,Лудоманские Будни | Казино Чат,1328218385
kirill6049,1343505116,365468850623362058,Kirill,Лудоманские Будни | Казино Чат,1328218385
maksablina,456512497,1880595691067050281,Forza,Лудоманские Будни | Казино Чат,1328218385
ikorvin18,858925396,4235900377025743279,✌️kor vin🏆,Лудоманские Будни | Казино Чат,1328218385
timoha379,790610763,9003530998905517173,Казтим,Лудоманские Будни | Казино Чат,1328218385
MEDIACOUNTRY,834920108,-8924939334288353769,😎,Лудоманские Будни | Казино Чат,1328218385
smile09091,6250289182,6352408693262746000,Dmitry devyatov 21,Лудоманские Будни | Казино Чат,1328218385
,1689802961,8635520655420159835,Djon Vik,Лудоманские Будни | Казино Чат,1328218385
voinichd,169005399,1489175454277455728,Dmitry Voinich,Лудоманские Будни | Казино Чат,1328218385
getsendow,955973951,6092495301150976372,Gets Down,Лудоманские Будни | Казино Чат,1328218385
,548114335,-2555734283602743455,­,Лудоманские Будни | Казино Чат,1328218385
LuckyZO21,689372059,-3936005122243076464,Булыч LuckyZO,Лудоманские Будни | Казино Чат,1328218385
,6589962671,3401725315830958810,Видосик,Лудоманские Будни | Казино Чат,1328218385
combot,210944655,-6578842431478882318,Combot,Лудоманские Будни | Казино Чат,1328218385
irinaSTR102,1901427287,1954238459902287704,Ирина,Лудоманские Будни | Казино Чат,1328218385
shamanstas,5722257551,7359360453818804489,Стас Мельник (SHAMAN).,Лудоманские Будни | Казино Чат,1328218385
Liverpooltop,692548345,4518835921994262022,Liverpool Top,Лудоманские Будни | Казино Чат,1328218385
sashascull,850901504,-3389869029834236154,Sasha Scull Sasha Scull,Лудоманские Будни | Казино Чат,1328218385
vetrov2202,2043594546,-3452667733280915593,Adam Sendler,Лудоманские Будни | Казино Чат,1328218385
Belous284,569187626,544863850364125669,Белоус,Лудоманские Будни | Казино Чат,1328218385
DoctorSexxxy,5847026541,-8921581711693026480,Doctor Sexy,Лудоманские Будни | Казино Чат,1328218385
MupHau3HaHky,1237153081,8088988500249681644,Oleg_Borodin,Лудоманские Будни | Казино Чат,1328218385
DimaBarkovski,5043926022,8698496226116915808,Дмитрий [RBL777],Лудоманские Будни | Казино Чат,1328218385
Derbiets,5448129334,-637611599622509693,Пчелиный глаз,Лудоманские Будни | Казино Чат,1328218385
Izxcdead,947092567,8052445624114719404,Токийский Пудж,Лудоманские Будни | Казино Чат,1328218385
C_T_A_P_E_Ts,6128304343,6139372565497817516,Старец,Лудоманские Будни | Казино Чат,1328218385
Denio2,5693822110,-2119143110698405184,Denio,Лудоманские Будни | Казино Чат,1328218385
dimasiaaa,426818020,-2799764399844316002,Микки Маус,Лудоманские Будни | Казино Чат,1328218385
Nahalka777,890059910,8462503759537089512,Юля,Лудоманские Будни | Казино Чат,1328218385
ivanV64,7284513881,2055000630356029544,Иван,Лудоманские Будни | Казино Чат,1328218385
semizvetik27,474672152,3490451663936711549,🌺Svetlana Aleksandrovna🌺,Лудоманские Будни | Казино Чат,1328218385
irina545,6819453503,1716852410299219355,IRINKA,Лудоманские Будни | Казино Чат,1328218385
Mongol_snr,1184468740,5027214021204377818,Антон Носенко,Лудоманские Будни | Казино Чат,1328218385
ank3201,6547799698,401969283118526539,Kuliki Taka,Лудоманские Будни | Казино Чат,1328218385
Ilyusha1994,5422391002,-4178057485723395849,Илюша,Лудоманские Будни | Казино Чат,1328218385
Darkdanger12345,502710158,-8599732662369319124,𝕸𝖗𝕯𝖆𝖗𝖐𝕯𝖆𝖓𝖌𝖊𝖗,Лудоманские Будни | Казино Чат,1328218385
litress,548864626,8416899612419280950,Litres,Лудоманские Будни | Казино Чат,1328218385
D1ma_0bk,1222370838,-2847301727739434657,Дима 🐈‍⬛,Лудоманские Будни | Казино Чат,1328218385
misura11,515595916,2931403487344722356,michail morozov,Лудоманские Будни | Казино Чат,1328218385
hanafgaan,57740174,4746622382863270277,han afgaan,Лудоманские Будни | Казино Чат,1328218385
abralal,700440594,-2397534889266156289,Александр А,Лудоманские Будни | Казино Чат,1328218385
potomok_chingizhana,1050370411,8235811965132294825,𐌿᧐ᴛ᧐ʍ᧐κ Կᥙнᴦᥙɜхᥲнᥲ,Лудоманские Будни | Казино Чат,1328218385
aeaoe22,1165694973,-3685181109717541619,TipPishet,Лудоманские Будни | Казино Чат,1328218385
dragblaster,944253632,-7156348839096219703,Денис Тунгусков,Лудоманские Будни | Казино Чат,1328218385
Dj_53,790609561,1380414163040718973,Dj_53,Лудоманские Будни | Казино Чат,1328218385
TimeCoder_2_0,710572586,-2479401354156280618,Aleksandr Team4,Лудоманские Будни | Казино Чат,1328218385
MERFI999,809397616,8572945582142200840,MERFI,Лудоманские Будни | Казино Чат,1328218385
kassper_76,5014082714,1091273991660724090,KASSPER😎,Лудоманские Будни | Казино Чат,1328218385
romych2328,2003253747,-7925396639480433668,Don ElementoS,Лудоманские Будни | Казино Чат,1328218385
Evgenhic,985122285,-8804394649594580610,EVgEn,Лудоманские Будни | Казино Чат,1328218385
TOR_GT,1444600789,-5177295232515172817,TOR,Лудоманские Будни | Казино Чат,1328218385
babos789,1229944933,-4361526732846419728,Илюша Деньги,Лудоманские Будни | Казино Чат,1328218385
Jekadeniels,6872384024,6473846463875882825,Жека 52 герца,Лудоманские Будни | Казино Чат,1328218385
WorstSkuf,901070696,-4177027017077780689,Yarik,Лудоманские Будни | Казино Чат,1328218385
,793197844,5453278275928040019,mistress 💗,Лудоманские Будни | Казино Чат,1328218385
,7458431329,-217862106457496514,AZIMUT,Лудоманские Будни | Казино Чат,1328218385
teenforjump,923261661,8760672689821561253,Teen4jump,Лудоманские Будни | Казино Чат,1328218385
moonix0,820107607,-5101435875116249422,Zzzz,Лудоманские Будни | Казино Чат,1328218385
ArchyZnaL,902878203,2444459527412521353,Арчи Знал,Лудоманские Будни | Казино Чат,1328218385
iamstittch,5309515374,-2703817977190840966,Stitch,Лудоманские Будни | Казино Чат,1328218385
Kukish1994,5404361657,1121139070767690836,𝕆𝕡𝕠𝕙𝕞𝕖𝕝𝕚𝕟𝟡𝟜,Лудоманские Будни | Казино Чат,1328218385
Bessada24,5131239695,-3769027524835427545,BESSADA,Лудоманские Будни | Казино Чат,1328218385
ShellShock87,739422717,-3925913444068546897,Сергей ShellShock,Лудоманские Будни | Казино Чат,1328218385
LEONIDSATIN,1084844567,945999474182318610,Леонид Сатин,Лудоманские Будни | Казино Чат,1328218385
oxotnikNosok,1666136311,5038527269254094030,Охотник За Носками 🆓,Лудоманские Будни | Казино Чат,1328218385
noobkabob,498542882,-2718987027590280370,Арсен,Лудоманские Будни | Казино Чат,1328218385
moder_kasino,1312256232,9102142999643952249,Дмитрий Фриланс,Лудоманские Будни | Казино Чат,1328218385
DEDiVNUKCASINO,1106831768,-5328540831622969337,ВНУК,Лудоманские Будни | Казино Чат,1328218385
GRAZHbIURAMIROS,1232036709,5322852803344014553,Padre78i,Лудоманские Будни | Казино Чат,1328218385
gadhik,1360986903,-8661409281647143442,gadhik,Лудоманские Будни | Казино Чат,1328218385
One_Screept,442113356,-4347705562413342321,OneScreept [RBL777],Лудоманские Будни | Казино Чат,1328218385
,822256517,-2806906082421701404,elqq,Лудоманские Будни | Казино Чат,1328218385
Zelevon,6598803739,2499870155698640200,Recator,Лудоманские Будни | Казино Чат,1328218385
Denladen84,490499900,-5275346267783590703,♚Denladen84♚<РАЙДО>,Лудоманские Будни | Казино Чат,1328218385
Pr1vaT3,252595765,-4279587497762017009,Pr1vaT3,Лудоманские Будни | Казино Чат,1328218385
Tom_963,6350234835,2767609395620000784,Tom,Лудоманские Будни | Казино Чат,1328218385
maks19501,1484653188,92159249005990179,Реал Мадрид,Лудоманские Будни | Казино Чат,1328218385
Vadimtsyg,845979387,2004203436817329660,Vadimtsyg .,Лудоманские Будни | Казино Чат,1328218385
callmenikitos,6765771694,8551778141914335043,Nikita,Лудоманские Будни | Казино Чат,1328218385
AEN3012,5498266038,3692967841137234795,Евгения,Лудоманские Будни | Казино Чат,1328218385
Ivan_fos,6485841445,8891111213115485652,Ivan,Лудоманские Будни | Казино Чат,1328218385
Margowka3,901088934,6216172170257173984,Маргошка,Лудоманские Будни | Казино Чат,1328218385
ledhjee,1722427469,2845029607452768180,You know me,Лудоманские Будни | Казино Чат,1328218385
tanunaxer,511236913,3840534225317655330,tanunaxer,Лудоманские Будни | Казино Чат,1328218385
aelvira76,725128901,2735893066388461416,эльвира,Лудоманские Будни | Казино Чат,1328218385
Arinkaa156,6451125873,-2560379517770441433,Арина Арина,Лудоманские Будни | Казино Чат,1328218385
Tvink777,567869021,2539571051597631297,Jeka Tvink,Лудоманские Будни | Казино Чат,1328218385
aleksei_bu,580806611,-1754095886131297581,Алексей,Лудоманские Будни | Казино Чат,1328218385
Ekaterina434,624687289,1894390154803167753,Ekaterina434,Лудоманские Будни | Казино Чат,1328218385
PuZiK999,5865335026,4142282681594599878,PuZiK,Лудоманские Будни | Казино Чат,1328218385
Mockovich_Play,328358102,4442958144062001680,Mockovich Play,Лудоманские Будни | Казино Чат,1328218385
Caprus18,1040950037,3882722359244839646,Чебупель,Лудоманские Будни | Казино Чат,1328218385
DoriUmoria,1776311509,2061327515837563638,Мария Магдалина🤗,Лудоманские Будни | Казино Чат,1328218385
egorzhur12,6902443545,-8401174171341661771,Egor Zhuravlev,Лудоманские Будни | Казино Чат,1328218385
demosphener,1777840863,8108100486150905148,demosphener,Лудоманские Будни | Казино Чат,1328218385
DJ_KRoLL,719399506,3114308515159561950,🐰KRoLL ♊️ КРоЛЛ🐰,Лудоманские Будни | Казино Чат,1328218385
beovolk84,793947218,-8716081344015276184,Александр,Лудоманские Будни | Казино Чат,1328218385
OLGAsedov,971883010,1304315499018338216,Олька),Лудоманские Будни | Казино Чат,1328218385
CreyziDed,5113393885,1808733756320023298,Демьян,Лудоманские Будни | Казино Чат,1328218385
robocot3000,2124742588,6118988298018628612,Антон,Лудоманские Будни | Казино Чат,1328218385
,5178310036,-3352770098947269399,,Лудоманские Будни | Казино Чат,1328218385
Esky23,1014240330,-4982121505413189150,Esky q,Лудоманские Будни | Казино Чат,1328218385
WalkerPwa,5667783694,5695630401206353945,Walker,Лудоманские Будни | Казино Чат,1328218385
Af1anton,5528455228,-3831155075879657117,M.A.N,Лудоманские Будни | Казино Чат,1328218385
,6862137916,-5322066001911126639,,Лудоманские Будни | Казино Чат,1328218385
oxranikk,815164636,-6523609239042328185,Вымышленый Охраник,Лудоманские Будни | Казино Чат,1328218385
faustess,488336493,-5462057804273185530,Faustess,Лудоманские Будни | Казино Чат,1328218385
WaHaiBalya,1043424967,8209943373407002771,Sollux (Владимир),Лудоманские Будни | Казино Чат,1328218385
superwiinneer,6893171378,-5202549243638887513,Вася Пупкин,Лудоманские Будни | Казино Чат,1328218385
retro_zanos,5492059663,2899522967720857655,Mark Retro 🐈‍⬛,Лудоманские Будни | Казино Чат,1328218385
SanyaOK777,5614746360,-1733751027915110424,SanyaOK,Лудоманские Будни | Казино Чат,1328218385
ilyalostop,299600859,-3853465093836894682,Ilia M,Лудоманские Будни | Казино Чат,1328218385
Edik201177,1085677856,-8405042994706701110,Eduard Abashev,Лудоманские Будни | Казино Чат,1328218385
AmazingChange,478982911,1773891490969335027,AmazingChange,Лудоманские Будни | Казино Чат,1328218385
relizanet,1364934549,-2755478340922042911,Релизанет Варезник,Лудоманские Будни | Казино Чат,1328218385
MODER909,1291540810,4815095324170176372,Илья,Лудоманские Будни | Казино Чат,1328218385
AndreyPioneer,510183290,-4696999121612015160,Aндрей👨🏼‍💻 Pioneer,Лудоманские Будни | Казино Чат,1328218385
bigpennis2,1900400153,-234588543607016301,Дед Большой Пен,Лудоманские Будни | Казино Чат,1328218385
DOLKASCHASTIA777,5399951090,7779393683138355757,Милкивей,Лудоманские Будни | Казино Чат,1328218385
cepgeog19,1174569320,1854610036718646352,🍺,Лудоманские Будни | Казино Чат,1328218385
Dnnnsss,715941380,4111482701546842786,Денис,Лудоманские Будни | Казино Чат,1328218385
chupachypik,1097210873,-3462016434058752463,🍭̶Ч̶У̶П̶А̶ ̶ Ч̶У̶П̶И̶К🍭,Лудоманские Будни | Казино Чат,1328218385
atlas989,1930873245,7204049492072562398,@Владимир@,Лудоманские Будни | Казино Чат,1328218385
kudesnikyuri,1259881691,-2106254962170795176,yuri,Лудоманские Будни | Казино Чат,1328218385
dmitry777998,6438325888,-7323865456244593880,dmitry devyatov 21,Лудоманские Будни | Казино Чат,1328218385
Stasonelison,425899198,-1869290823466650247,Stasonelison,Лудоманские Будни | Казино Чат,1328218385
V1ados1k8,1596413449,398481752737031815,Директор Молокозавода,Лудоманские Будни | Казино Чат,1328218385
NelicVFullAhue,624339281,5416206652506893925,Nelicurne,Лудоманские Будни | Казино Чат,1328218385
nuts_original,593911266,6434943859189206222,丹乃丫与与,Лудоманские Будни | Казино Чат,1328218385
nightys,409062291,-4265348036177286534,DarKyS,Лудоманские Будни | Казино Чат,1328218385
ScatterCasinoTop,781745483,1064689790650977924,Scatter🌱SEED 🐈‍⬛,Лудоманские Будни | Казино Чат,1328218385
Aleks12,836030407,1545865698740055579,Aleks Bel,Лудоманские Будни | Казино Чат,1328218385
n1stake,757039620,927048542399005079,3,Лудоманские Будни | Казино Чат,1328218385
GeraYouTube,620766049,-770742952457843206,GERA CASINO,Лудоманские Будни | Казино Чат,1328218385
Skylineoleg77,990037050,2217860080905925142,Oleg Skyline777,Лудоманские Будни | Казино Чат,1328218385
chebur1991,6285561599,-7978955759577943135,ஐ ℭℌ𝔢𝔟𝔲𝔯𝔞𝔰𝔥𝔨𝔞 ஐ 🆓,Лудоманские Будни | Казино Чат,1328218385
Nikolai0104,5156121423,6680605593886895145,Николай,Лудоманские Будни | Казино Чат,1328218385
VL80ss,1780279940,4193063677157342316,VL80s,Лудоманские Будни | Казино Чат,1328218385
ADDED47,925038300,-4676651260766819596,ADDED47,Лудоманские Будни | Казино Чат,1328218385
Sergey1WinManager,6798771786,-7854829110649073159,Sergey,Лудоманские Будни | Казино Чат,1328218385
Rezid,1137186220,5606676320448197164,Андрей,Лудоманские Будни | Казино Чат,1328218385
,7099638042,-9070571060492827699,Екатерина,Лудоманские Будни | Казино Чат,1328218385
MytniiPassaJir,5670267674,-2898048234844872305,МутнЫй ПаCCажир,Лудоманские Будни | Казино Чат,1328218385
demonfaer,659511831,-7862464680349386412,Demonfaer,Лудоманские Будни | Казино Чат,1328218385
emo_boy666,5748430434,3653435113414752986,Emo Boy,Лудоманские Будни | Казино Чат,1328218385
,829848117,-6125114991093219996,Иван,Лудоманские Будни | Казино Чат,1328218385
depositwin,5601863279,-4558162680801823401,Илья Золотов,Лудоманские Будни | Казино Чат,1328218385
timarempeydzh,263257073,3740290417657298441,тима кавабанга,Лудоманские Будни | Казино Чат,1328218385
oleg99u,958289715,3416932812010716827,Олег Ужегов,Лудоманские Будни | Казино Чат,1328218385
tg_analytics_bot,433791261,6848220340533683258,Telegram Analytics Bot,Лудоманские Будни | Казино Чат,1328218385
Proipal,1021066478,-2659094543928807069,Женя,Лудоманские Будни | Казино Чат,1328218385
qtap0,885572480,-8525237811162396400,Павел Михайлович,Лудоманские Будни | Казино Чат,1328218385
denisby79,6235023684,-5262377416150113885,den.by,Лудоманские Будни | Казино Чат,1328218385
osoboy,1486382052,-3657527603357400224,особоу,Лудоманские Будни | Казино Чат,1328218385
nenorMalik,432441047,1643527227388264015,Malik,Лудоманские Будни | Казино Чат,1328218385
yurayura123,655276680,9005499766435297224,___My friend___,Лудоманские Будни | Казино Чат,1328218385
februcho,636016426,-7969764005982011329,February,Лудоманские Будни | Казино Чат,1328218385
red23exe,1013731277,2156847464382254613,vladimir0590,Лудоманские Будни | Казино Чат,1328218385
roman1613,488720208,5129300447858716932,Roman V,Лудоманские Будни | Казино Чат,1328218385
Antip777,802417146,-1588242373581175420,ANTIP,Лудоманские Будни | Казино Чат,1328218385
SW_Katy,1709406718,-7624258287955258039,Екатерина,Лудоманские Будни | Казино Чат,1328218385
MarkiMarkus2,6906541374,7570186361956446448,Marki Mark,Лудоманские Будни | Казино Чат,1328218385
negaruk,101573214,1033060748264321873,garu,Лудоманские Будни | Казино Чат,1328218385
Dedgocs,2142324892,-8972599188198786542,Dedgo 🐈‍⬛,Лудоманские Будни | Казино Чат,1328218385
pobedadladeda,6909637948,4804915737841932765,Кто-то Тут,Лудоманские Будни | Казино Чат,1328218385
DragonMoneyManager,1357348413,-1480611199236594878,Dragon Money Manager,Лудоманские Будни | Казино Чат,1328218385
Kidalnikov777,876137345,8541346296795106579,Евгений К,Лудоманские Будни | Казино Чат,1328218385
rom1918,542119138,1948262670194900293,Roman,Лудоманские Будни | Казино Чат,1328218385
,5275558932,2966942890814373079,Димончик,Лудоманские Будни | Казино Чат,1328218385
haibuloff,910813401,-1896739254303225276,haibuloff,Лудоманские Будни | Казино Чат,1328218385
murlikincote,6169995946,2480517864611355856,Котэ Мурлыкин,Лудоманские Будни | Казино Чат,1328218385
bananapays,6479242827,3609791523457340680,Легендарный Банан,Лудоманские Будни | Казино Чат,1328218385
Schizgod,346111776,7127138004886750873,Schiz,Лудоманские Будни | Казино Чат,1328218385
Klays84,498396980,5178545331341511007,Ivan azart,Лудоманские Будни | Казино Чат,1328218385
Mike_mediabuying,6630728386,3941985981894815704,Mike Buying,Лудоманские Будни | Казино Чат,1328218385
Jelud0k,1429312294,-8448584940965796074,ЖОЛУДЬ,Лудоманские Будни | Казино Чат,1328218385
Ioakeim,825222770,-6475904782446749400,Muammar kadafi ︻┳ั芫ี┳═─┵,Лудоманские Будни | Казино Чат,1328218385
LuckyTipok777,1441493146,-7034368031790176919,Валерий,Лудоманские Будни | Казино Чат,1328218385
izzylaiv,749463156,5066255106039137183,wassup,Лудоманские Будни | Казино Чат,1328218385
joranejopa,6675113713,-1225115299243306132,Жора Крыжовников,Лудоманские Будни | Казино Чат,1328218385
mcwbw,5212851889,1242234920938547011,Александр,Лудоманские Будни | Казино Чат,1328218385
GigantVan,6747620762,-1224201653776340137,Денис Луханин,Лудоманские Будни | Казино Чат,1328218385
,6142942872,3392286315114470884,𝓞𝓵𝓮𝓰,Лудоманские Будни | Казино Чат,1328218385
CatAffsssssss,6946244571,7874339440114419177,CatAffs,Лудоманские Будни | Казино Чат,1328218385
glucktoluck,6479724149,7877162963892572628,Шура Каретный,Лудоманские Будни | Казино Чат,1328218385
Alekss99,6453443407,-3909165326336137832,Aleks,Лудоманские Будни | Казино Чат,1328218385
vlad134542,5412968313,956891936565631093,Влад,Лудоманские Будни | Казино Чат,1328218385
yuriyfromrzn,390519676,-5240748279504855777,Yuriy🐈‍⬛,Лудоманские Будни | Казино Чат,1328218385
,642354664,-4238528605217243103,,Лудоманские Будни | Казино Чат,1328218385
keki_stan,761004864,948416502665594697,Виталий (163) 🦴,Лудоманские Будни | Казино Чат,1328218385
agay_sulimov,1972531843,6400288990142099646,KREEMAN,Лудоманские Будни | Казино Чат,1328218385
dieselmopo,52963243,-8880344319512403001,Dmitry,Лудоманские Будни | Казино Чат,1328218385
Wassup_maboi,6315441912,6160742569712903915,Wassup maboi,Лудоманские Будни | Казино Чат,1328218385
DizZaz,1250028224,5390100002317230959,DizZaz,Лудоманские Будни | Казино Чат,1328218385
brevry,5056220211,1783661787646440140,Brevi,Лудоманские Будни | Казино Чат,1328218385
Myrka4t,6021884746,5436267281059161430,Myrka',Лудоманские Будни | Казино Чат,1328218385
djoblaize,5318273743,5475614544699821173,Павел,Лудоманские Будни | Казино Чат,1328218385
Hyperishe,962476319,-3352066860663594892,3ПОТНЫХНОСОЧКА,Лудоманские Будни | Казино Чат,1328218385
Twe4ka,808363848,8455772170948402834,Twe4ka,Лудоманские Будни | Казино Чат,1328218385
pitao10,994121060,-7758524014408953233,Sergey,Лудоманские Будни | Казино Чат,1328218385
vladZanoa,5630664627,-14834379278868969,Владислав Колесников,Лудоманские Будни | Казино Чат,1328218385
lYurasigl,1139436112,-6750975456485442751,Yarasik,Лудоманские Будни | Казино Чат,1328218385
jast_DmitryGambling,686375602,-6250347315418000987,Местный Лудик Стримы,Лудоманские Будни | Казино Чат,1328218385
ychiteli5,560925184,-8432370511916271196,ychiteli,Лудоманские Будни | Казино Чат,1328218385
Iommi123,881262782,-2553551773164196330,Роман Канеев,Лудоманские Будни | Казино Чат,1328218385
SEOSIXTYNINE,1076300198,-6895460062170822975,как делишки,Лудоманские Будни | Казино Чат,1328218385
,6513761028,-1464975922838626138,Еременко Виктор Николаевич,Лудоманские Будни | Казино Чат,1328218385
evarising,2038236486,-6408447825015021743,оно тебе надо,Лудоманские Будни | Казино Чат,1328218385
bosovtim,1639787867,1604973648264652651,bosov,Лудоманские Будни | Казино Чат,1328218385
briilianti,1138054805,1997976734880664038,ШАЛУНишка,Лудоманские Будни | Казино Чат,1328218385
,904368699,388246842632373658,,Лудоманские Будни | Казино Чат,1328218385
parameon,1281212522,-8780154464583463016,Парамео,Лудоманские Будни | Казино Чат,1328218385
drankolys,2082232898,-6901925694872890635,Дран,Лудоманские Будни | Казино Чат,1328218385
maryakazu,1201803991,-3186519900774424037,Казым,Лудоманские Будни | Казино Чат,1328218385
marselloperm,1625665817,7147829159888070581,Бикбай,Лудоманские Будни | Казино Чат,1328218385
ekmakarekLU,1776082118,4233688766227797183,Luntik,Лудоманские Будни | Казино Чат,1328218385
misttunakov,2036016319,-8191312666144217395,Мистер ТУНАКОВ,Лудоманские Будни | Казино Чат,1328218385
rubka6425,2020203040,-8548379993380390580,Уссурийский Рыбак,Лудоманские Будни | Казино Чат,1328218385
timitim65,2033569699,-1489617244877635031,NIKOLAEVICH,Лудоманские Будни | Казино Чат,1328218385
tucchka2,1867967091,567028177469267867,ТУЧКА,Лудоманские Будни | Казино Чат,1328218385
monah2222,994241686,-6717546685782345152,Монах,Лудоманские Будни | Казино Чат,1328218385
Nikola_NeTeslin,967401644,7100667649480383209,NikolaTesla,Лудоманские Будни | Казино Чат,1328218385
Timonn2022,5690754617,-9166736241754477557,Тимон,Лудоманские Будни | Казино Чат,1328218385
smaill2019,414668421,7912606530383868473,Смаил,Лудоманские Будни | Казино Чат,1328218385
topartem2016,1726594269,8082484667212719427,Artem,Лудоманские Будни | Казино Чат,1328218385
dan4ik210,5069711804,6864596497142618060,Данил Мухамедов,Лудоманские Будни | Казино Чат,1328218385
region823,5103048693,-836911589695653925,Сладкий Мармелад,Лудоманские Будни | Казино Чат,1328218385
hggffddssad,5594475039,-8256785052582164319,Сергей Кравчук,Лудоманские Будни | Казино Чат,1328218385
FarOvIy777,5504635330,751950213588659449,Big Win!,Лудоманские Будни | Казино Чат,1328218385
ProigravshiyA,5428311451,8004970407698132286,Игромастер .,Лудоманские Будни | Казино Чат,1328218385
Sammyyyyy01,6067759031,2743397684781836351,Sammy (-_-),Лудоманские Будни | Казино Чат,1328218385
Stafford50,5600283697,-2272396482001982368,Stafford,Лудоманские Будни | Казино Чат,1328218385
shizik8474,6138675370,-586079202319963317,Шизик,Лудоманские Будни | Казино Чат,1328218385
igrokannenado,5409790287,844123240354294808,Игрок по жизни,Лудоманские Будни | Казино Чат,1328218385
blazer011,6243345230,-4847582612770882680,Blaze*,Лудоманские Будни | Казино Чат,1328218385
felix5669,6143955010,1277677320936789000,Феликс,Лудоманские Будни | Казино Чат,1328218385
NorikLezdan,5442700845,6814157904199084782,Майский Жук😝,Лудоманские Будни | Казино Чат,1328218385
LeTeam2,5932595730,-7241312670531154743,LeTeam,Лудоманские Будни | Казино Чат,1328218385
Sever_UG2022,5401029522,-7830714843674556578,Северный Полис,Лудоманские Будни | Казино Чат,1328218385
Tornado657,6119662765,-2627736080623901209,Tornado,Лудоманские Будни | Казино Чат,1328218385
ZHENDOSSSS,5540699166,-2771273729420996403,Россия Рулит😏,Лудоманские Будни | Казино Чат,1328218385
zanossssssssssssssss,5638570516,8985585227090467072,ЗаносКазик,Лудоманские Будни | Казино Чат,1328218385
Lexa5670,6952995126,1037806843955680213,YA LEXA,Лудоманские Будни | Казино Чат,1328218385
fartisiusbsveusvsvs,5034532086,-5364890025978967715,Denis Gospodarenko,Лудоманские Будни | Казино Чат,1328218385
tarantul933,5912941183,-6905869470668280153,Тарантул,Лудоманские Будни | Казино Чат,1328218385
BankiLas,5160149431,6742931357412767177,Подпольный миллионер,Лудоманские Будни | Казино Чат,1328218385
,5061963128,-3591485407699975819,,Лудоманские Будни | Казино Чат,1328218385
Lexasvoy,6638638988,-1531821218125049500,Леха Свой,Лудоманские Будни | Казино Чат,1328218385
oleg_zaharchenko,5503740649,-7684772270958358242,Олег Захарченко,Лудоманские Будни | Казино Чат,1328218385
Fanat432,6325359892,-3684054030648839352,FANAT43,Лудоманские Будни | Казино Чат,1328218385
Nasporte777,6330096976,-1197698243803838274,NASPORTE,Лудоманские Будни | Казино Чат,1328218385
kopt785,5862051768,6781172969344999162,Коптейка,Лудоманские Будни | Казино Чат,1328218385
Villa1nn9,6095376301,6283930044096857234,Villa1n,Лудоманские Будни | Казино Чат,1328218385
Lod1kkk,6209239426,-4755952951909162340,Lod1k,Лудоманские Будни | Казино Чат,1328218385
MafiaSuzeranaa,6098448235,8147998914682500891,Mafia Suzerana,Лудоманские Будни | Казино Чат,1328218385
DjPkito,6265403028,-6570752044475798408,Dj P@kito,Лудоманские Будни | Казино Чат,1328218385
Nimffff8,6210898429,-1462390052246301610,Nimf,Лудоманские Будни | Казино Чат,1328218385
aleksandrbogulaev,5519240667,-6915006501000479774,Ядовитый Лед🥶,Лудоманские Будни | Казино Чат,1328218385
AEGIS2036,6094665945,-6112075179586795464,AEGIS,Лудоманские Будни | Казино Чат,1328218385
Unikum7774,5835562797,5502304346781863239,UNIKUM,Лудоманские Будни | Казино Чат,1328218385
DreDD5599,5807422135,5256335564598826673,DreDD,Лудоманские Будни | Казино Чат,1328218385
Krosh595,6108121058,907497949943571485,Krosh,Лудоманские Будни | Казино Чат,1328218385
mosKVichianin,5551712876,-2003880221641446258,Костя Горский,Лудоманские Будни | Казино Чат,1328218385
Wel566,6222528082,-3872089891662052024,Wel,Лудоманские Будни | Казино Чат,1328218385
Redmond561,6052837972,-8505685518184769191,Redmond,Лудоманские Будни | Казино Чат,1328218385
maloi19933,5855710618,4689228929280920594,Малой,Лудоманские Будни | Казино Чат,1328218385
INFERNO5816,5852700550,708634443445376694,INFERNO,Лудоманские Будни | Казино Чат,1328218385
Goblin77w,6310867048,9047645067828034044,GOBLIN77,Лудоманские Будни | Казино Чат,1328218385
genius777_777,5798846972,-5305115650581287933,Accidental genius,Лудоманские Будни | Казино Чат,1328218385
September899,5933172979,-3986697828156749890,September,Лудоманские Будни | Казино Чат,1328218385
MihaLudoman,5794329972,-3289190987310658249,Михаил Лудоман,Лудоманские Будни | Казино Чат,1328218385
MALAI8859,5906344859,-4292755576986578990,MALAI,Лудоманские Будни | Казино Чат,1328218385
azart260,6184710180,-5047482247439357428,Азартный,Лудоманские Будни | Казино Чат,1328218385
POKAMOLODOY590,6233540774,-4628891445230158341,POKAMOLODOY,Лудоманские Будни | Казино Чат,1328218385
TROLL4568,5635335938,2489864552045509862,TROLL,Лудоманские Будни | Казино Чат,1328218385
st748,5884610233,-756138907763649086,Голубь,Лудоманские Будни | Казино Чат,1328218385
anonim76654,5677104577,2975705860792852185,АНОНИМ,Лудоманские Будни | Казино Чат,1328218385
Dred765,6479599849,-5744105690782123150,DRED,Лудоманские Будни | Казино Чат,1328218385
topfart777,1321330097,66895068230917218,Aleks Bro,Лудоманские Будни | Казино Чат,1328218385
Konushqaa,6101073927,2202122258314243702,Konushqa,Лудоманские Будни | Казино Чат,1328218385
Damirosssss,6029388220,5210968705010785128,Damiros,Лудоманские Будни | Казино Чат,1328218385
Cristi79op,6174012622,2481736730893541598,Cristi79,Лудоманские Будни | Казино Чат,1328218385
Layk53222,6221361024,-3518672568262182781,Layk♤♡,Лудоманские Будни | Казино Чат,1328218385
Jukonnn36,6155833064,-5165507539579893153,Jukon,Лудоманские Будни | Казино Чат,1328218385
misjsvagfau,5986072426,6507630504864867169,Сергей Рахманин,Лудоманские Будни | Казино Чат,1328218385
stepaVeselov,5620692498,6535432844890932192,Stepan Veselov,Лудоманские Будни | Казино Чат,1328218385
Arhi355,5992226272,5641916460251812001,Arhi,Лудоманские Будни | Казино Чат,1328218385
Baby86x,1677141680,-3902265402082726438,Baby X86,Лудоманские Будни | Казино Чат,1328218385
FartoviLkan,5498775915,-5613488238006383811,Мир❤️ Дружба🤝 Взаимовыгода😊,Лудоманские Будни | Казино Чат,1328218385
Yan054,1113545990,-6526167960360478571,YAn,Лудоманские Будни | Казино Чат,1328218385
Blooodyy22,1338808067,138809219129816101,Bloody V8,Лудоманские Будни | Казино Чат,1328218385
tenkinok0,5596424717,2285592507965694223,☭ СССР ☭ .,Лудоманские Будни | Казино Чат,1328218385
Covid19xd,1675575966,-2275123283601142808,Covid 19,Лудоманские Будни | Казино Чат,1328218385
StilyGotsi,5339852467,-9022913930426608385,За себя Горой☝️☝️,Лудоманские Будни | Казино Чат,1328218385
bb88bb14,1280184489,7048908431776012718,МяУ😻,Лудоманские Будни | Казино Чат,1328218385
Tekendoooo9,6041458781,-8368646757858856129,Tekendo,Лудоманские Будни | Казино Чат,1328218385
Baltikaaaa5,6104682839,3562723819514701820,Baltika,Лудоманские Будни | Казино Чат,1328218385
nomikas,5232094587,-3022164528286644720,Загадочный Человек,Лудоманские Будни | Казино Чат,1328218385
Phoenixbleat,5648268074,-3283627899311144755,Phoenix,Лудоманские Будни | Казино Чат,1328218385
Darkitikas,5221418803,-2386611314304861523,DeDpUl 2,Лудоманские Будни | Казино Чат,1328218385
dedjsa,5293414171,2343190080977303678,Asus 😏,Лудоманские Будни | Казино Чат,1328218385
dkdkkssds,5119241410,-4972332646704526208,Железный Человек,Лудоманские Будни | Казино Чат,1328218385
VLIIIISSS,5263731962,-6461236504116605028,Диванный Эксперт,Лудоманские Будни | Казино Чат,1328218385
VERESTTTT,5015749555,1691097483464237425,Эверест,Лудоманские Будни | Казино Чат,1328218385
alexxxaaaaa777,5111930341,2539999795787995715,Александр Павлов,Лудоманские Будни | Казино Чат,1328218385
Faradeee,5035202971,-9157455844286228890,Фарадей,Лудоманские Будни | Казино Чат,1328218385
firamirrr,5036400968,-493962662972536381,Фирамир,Лудоманские Будни | Казино Чат,1328218385
,6072459584,6666065847054882619,,Лудоманские Будни | Казино Чат,1328218385
SpaceElite1337,1078647912,-4232970056575170239,Space,Лудоманские Будни | Казино Чат,1328218385
boohs0,313778449,9159247725446150922,H,Лудоманские Будни | Казино Чат,1328218385
FocuswOww,5046001531,368685050485291479,FocuswOw,Лудоманские Будни | Казино Чат,1328218385
gaabbbyy,5059083739,5767118015134645054,Gabby,Лудоманские Будни | Казино Чат,1328218385
dimon8944,5513961178,-1504298057475745560,tochka G,Лудоманские Будни | Казино Чат,1328218385
Aztecer,5083044798,-276858684865021413,Aztecer,Лудоманские Будни | Казино Чат,1328218385
,5954809962,-7646611557626013202,,Лудоманские Будни | Казино Чат,1328218385
Redbulll45,5292796899,3708040820433229475,Red Bull,Лудоманские Будни | Казино Чат,1328218385
,5928296239,-3347223697039071390,,Лудоманские Будни | Казино Чат,1328218385
kkkappppp,5205396012,-3026937155397208488,Кэп,Лудоманские Будни | Казино Чат,1328218385
masterlomaster21,5297072565,-7338584225452054682,Мастер-Ломастер,Лудоманские Будни | Казино Чат,1328218385
alisDA2we,5235155753,-4058188267957069216,Достать Ножи👻,Лудоманские Будни | Казино Чат,1328218385
cokaiii,5049336076,-5225048842339596526,Цокай,Лудоманские Будни | Казино Чат,1328218385
djimbim1,1934532430,7911704328713245691,Топчик,Лудоманские Будни | Казино Чат,1328218385
tishaa143,5289241081,5022561227888667682,Тишка,Лудоманские Будни | Казино Чат,1328218385
Slavasja,5184612634,-1321548034932979299,Вячеслав Воронин,Лудоманские Будни | Казино Чат,1328218385
Nyashka221,5291680074,8001720369577253736,Nyashka,Лудоманские Будни | Казино Чат,1328218385
Lalalaa2m,5015685066,-6894291937700137946,Вне зоны действия,Лудоманские Будни | Казино Чат,1328218385
netormoz9,5337118442,-8637731623128819898,D12,Лудоманские Будни | Казино Чат,1328218385
zoooorrooo,5050333692,-725191430783238265,Zorro,Лудоманские Будни | Казино Чат,1328218385
Moscow_Denis,5131242332,-148653771742522869,Денис Смалякиновский,Лудоманские Будни | Казино Чат,1328218385
zankaKav,5156346672,332706609376662554,꧁༒☬M̷O̷N̷S̷T̷E̷R̷☬༒꧂ .,Лудоманские Будни | Казино Чат,1328218385
dani76554,1422993989,3153326851511358640,Данияр,Лудоманские Будни | Казино Чат,1328218385
Leo2262,5311951843,-3134610432898928788,Ksu,Лудоманские Будни | Казино Чат,1328218385
Aleksandr_Brom,5284274673,-7390788928146759507,Александр Плющенко,Лудоманские Будни | Казино Чат,1328218385
DanilIcF,5728965418,-1110708915939435126,Данил,Лудоманские Будни | Казино Чат,1328218385
ludoz43,5246943934,-2653060790053922343,baksik,Лудоманские Будни | Казино Чат,1328218385
dfdsfdsfsfsadf,5337964663,-8100173168433517392,Человек Фартовый,Лудоманские Будни | Казино Чат,1328218385
dilax66,5334209734,-5819657321280868801,Dmitriy,Лудоманские Будни | Казино Чат,1328218385
PIginbank,5605758834,8410861938558347705,Хороший Человек,Лудоманские Будни | Казино Чат,1328218385
kreeeeeeeed,5067123025,932066032391040763,Mr Kreed,Лудоманские Будни | Казино Чат,1328218385
Nightbot001,5044726484,4703980688401175097,Nightbot,Лудоманские Будни | Казино Чат,1328218385
otdyshi777,5219021729,3521546917855064830,TyмаН,Лудоманские Будни | Казино Чат,1328218385
HavelHab,5505931872,3996265213734038148,Александр Питерский,Лудоманские Будни | Казино Чат,1328218385
pharaoh792,5066538436,7868914437167472188,PHARAOH,Лудоманские Будни | Казино Чат,1328218385
raznoe222,1842972250,6071667291400925097,Яшка ЦыганёноК,Лудоманские Будни | Казино Чат,1328218385
yorikhf,5484227602,-7227250158698940487,Юрий Смолов,Лудоманские Будни | Казино Чат,1328218385
alekseyMirNiy,5549451260,-1942448985760319033,Александр Мирный,Лудоманские Будни | Казино Чат,1328218385
Danighg,5775618348,-3037821668799557702,Джек Воробей🤺,Лудоманские Будни | Казино Чат,1328218385
syrlya21,5029202079,-7409713619036583008,Сурлик,Лудоманские Будни | Казино Чат,1328218385
AnwgiriyGeroi,5346230410,1421281116695392987,Снегири Герои,Лудоманские Будни | Казино Чат,1328218385
holy8733,603135708,4319300304231624065,Святой,Лудоманские Будни | Казино Чат,1328218385
kabasya74,5049041672,-3512041696033084186,Кабася,Лудоманские Будни | Казино Чат,1328218385
Mirovozrenieh,5158435779,6918144848076510282,Смотри на мир,Лудоманские Будни | Казино Чат,1328218385
Dyrik333,5355321245,1918743202638182297,Dyrik,Лудоманские Будни | Казино Чат,1328218385
toksovosity,5116315177,-856498893063654351,𝕋𝕆𝕏𝕆𝕍𝕆,Лудоманские Будни | Казино Чат,1328218385
Dinosaurexxx,5061370927,-6096483839706738628,Dinosaur Rex,Лудоманские Будни | Казино Чат,1328218385
Nikolasssg,5272435640,2890890343242443892,Александр 777,Лудоманские Будни | Казино Чат,1328218385
Jeembooooooooo,5095956640,2788506477507374284,Jeembo,Лудоманские Будни | Казино Чат,1328218385
jokerty777,5450058872,4605861938452882318,Joker,Лудоманские Будни | Казино Чат,1328218385
Rogue102,5012597869,-5761383535729062099,Rogue,Лудоманские Будни | Казино Чат,1328218385
Bibiiiiippp,5247710831,1988273606211344153,Заноснов Жоров,Лудоманские Будни | Казино Чат,1328218385
KODERRR441,5021510546,-6371955984618598106,KODER,Лудоманские Будни | Казино Чат,1328218385
lixo77777,5061432790,-8540295068153319261,Rоссия,Лудоманские Будни | Казино Чат,1328218385
Treeesheeer,5034537411,-2598043355052404772,TRASHER,Лудоманские Будни | Казино Чат,1328218385
Lsksbsvgszbvsvwvwha,5024285256,-7169603916732123393,Александр Ершов,Лудоманские Будни | Казино Чат,1328218385
ToxicMeeen,5049621808,208670906282219367,Toxic Men,Лудоманские Будни | Казино Чат,1328218385
mirdrushbajivachka,5052870550,5869492322537507538,Ptoffy Ludik Shans 777,Лудоманские Будни | Казино Чат,1328218385
zlodey6633,1765264634,-9156574535983625786,_/ Т0paZ \_,Лудоманские Будни | Казино Чат,1328218385
VOBLYAAAA,5082954816,2070135655773594391,VOBLYA,Лудоманские Будни | Казино Чат,1328218385
blizZanosa,5069488801,-3134413269200919667,Фарт наш 🙃,Лудоманские Будни | Казино Чат,1328218385
Huntresss88,5056333951,7614946551374159588,Huntress,Лудоманские Будни | Казино Чат,1328218385
Mintjf,5017651460,-4777605512417043765,Bnb Mode,Лудоманские Будни | Казино Чат,1328218385
bylkaiz,1465639875,1489857331686613580,Ygdrassil,Лудоманские Будни | Казино Чат,1328218385
Mutil7,5004439965,-2438618519000546552,Nice Day,Лудоманские Будни | Казино Чат,1328218385
mitrap777,5815392713,1067570098388051791,Art,Лудоманские Будни | Казино Чат,1328218385
jkilkfd,5311160810,-4918614619911291386,Мариночка,Лудоманские Будни | Казино Чат,1328218385
mnogomani999,5610287608,-138119555512404132,Бабл,Лудоманские Будни | Казино Чат,1328218385
wildok87,5968972857,706461745808437261,Диман Toмат,Лудоманские Будни | Казино Чат,1328218385
gnomikk20,1355538603,-4252315059800485502,Гномик,Лудоманские Будни | Казино Чат,1328218385
var9g1,5536910300,1258427665172207147,var9g,Лудоманские Будни | Казино Чат,1328218385
Byprosuk,1694364788,7129799279318758480,By pro,Лудоманские Будни | Казино Чат,1328218385
neecromancer,1988266918,-7831524166357534067,Necromancer,Лудоманские Будни | Казино Чат,1328218385
demi_drol9,5565159865,-4638031107626133749,Деми_Drol4uK,Лудоманские Будни | Казино Чат,1328218385
soverme,1362494523,-3854804678393608376,Sover med,Лудоманские Будни | Казино Чат,1328218385
cronix322,1362875859,-1262002859622215701,Cronix 322,Лудоманские Будни | Казино Чат,1328218385
lov7676,5573975004,-4437459417193204347,DblHbka,Лудоманские Будни | Казино Чат,1328218385
assassinnnnnnn,2020806925,-4388102323318172383,Assassin,Лудоманские Будни | Казино Чат,1328218385
,6287545253,1979857715815812350,,Лудоманские Будни | Казино Чат,1328218385
keksik66,1950545754,-8659305606666081806,Keks,Лудоманские Будни | Казино Чат,1328218385
capil87,5011278844,8703050808971022964,Здрасти!,Лудоманские Будни | Казино Чат,1328218385
lemonnnn85,5003788255,-2928469545489778084,Lemon*,Лудоманские Будни | Казино Чат,1328218385
bragas123,5096771760,-9128710178310149436,Bragas,Лудоманские Будни | Казино Чат,1328218385
acherbow,2037596315,5817969784553802144,Archer Bow,Лудоманские Будни | Казино Чат,1328218385
,6239978282,-2813068926798008923,,Лудоманские Будни | Казино Чат,1328218385
leonardobrooke1,1738161151,-1631723408846985133,꧁༒☬M̷O̷N̷S̷T̷E̷R̷☬༒꧂,Лудоманские Будни | Казино Чат,1328218385
Grabikkk,1243244143,5294670012462850418,Грабик,Лудоманские Будни | Казино Чат,1328218385
vovikkkkk,1535276882,1169371815986206039,Вовчик топчик,Лудоманские Будни | Казино Чат,1328218385
reki777,5784517611,4491901272996695877,Реквием,Лудоманские Будни | Казино Чат,1328218385
ampmclock,2053946631,-3683134313994813787,Am Pm,Лудоманские Будни | Казино Чат,1328218385
,6195467439,-7758087482181437631,,Лудоманские Будни | Казино Чат,1328218385
jammmole,1208812364,-4752290550585699356,Jamm mole,Лудоманские Будни | Казино Чат,1328218385
dark2114,1347426798,3494669887697750307,Dark side,Лудоманские Будни | Казино Чат,1328218385
sosodax,1206900900,-7817245286154810069,met.,Лудоманские Будни | Казино Чат,1328218385
ebatoriya777,5155028211,-6747563206296680751,Legzo Casino,Лудоманские Будни | Казино Чат,1328218385
aleksAnns,5483500870,-2785105150460626456,Александр Примов,Лудоманские Будни | Казино Чат,1328218385
xxttxx2,1265257404,-6017602188068054518,Dark net,Лудоманские Будни | Казино Чат,1328218385
Happy12213,1362596963,-388271586137001269,Happy End,Лудоманские Будни | Казино Чат,1328218385
sobakasbc,5534682221,824431279808663986,Собачье царство,Лудоманские Будни | Казино Чат,1328218385
INcognitO5000,406182560,6352545351938937323,INcognito /,Лудоманские Будни | Казино Чат,1328218385
rass911,5443674606,-8286505162839148980,teriaki,Лудоманские Будни | Казино Чат,1328218385
milkshake350,1302585389,-9176981682967735063,Milk Shake,Лудоманские Будни | Казино Чат,1328218385
korol20200,5771499688,-730555640455977977,K♚I♚N♚G 💤,Лудоманские Будни | Казино Чат,1328218385
realnnoacun,6252687847,-7625862854831168792,РЕАЛЬНЫЙ ПАЦАН,Лудоманские Будни | Казино Чат,1328218385
devdevmms,1102526130,4501907870912284296,Дарья Дающая,Лудоманские Будни | Казино Чат,1328218385
dyrkamo9,5457989348,-5402164073529549240,Рожденный Побеждать👊,Лудоманские Будни | Казино Чат,1328218385
rasdsdw,5059821511,2850710160081217863,Ты не ты когда голоден !!!,Лудоманские Будни | Казино Чат,1328218385
bomdf_888,5042223386,9081720531776428911,•Ǥus†สff•,Лудоманские Будни | Казино Чат,1328218385
pobeditel32,1091176883,-4548470244464343927,Гандоша,Лудоманские Будни | Казино Чат,1328218385
ruises209,1107298504,-2300680202522313169,Тигр,Лудоманские Будни | Казино Чат,1328218385
hshsvgZanosi,5813846379,1335760021208583883,Gorod_Mos 👁️‍🗨️,Лудоманские Будни | Казино Чат,1328218385
dynamicaaa,1263417046,621275765254794803,AERO DYNAMIC,Лудоманские Будни | Казино Чат,1328218385
aleks777Cas,5835450112,-7234763878974021318,Фартовый Человек,Лудоманские Будни | Казино Чат,1328218385
drdeeya,1136356107,-6078114558486861441,Dr Dee,Лудоманские Будни | Казино Чат,1328218385
Pitersikiy,5081717594,-1246712513523178602,фартовый по жизни,Лудоманские Будни | Казино Чат,1328218385
forsaj77,5227672484,-6266507201318664662,Доминик Торето,Лудоманские Будни | Казино Чат,1328218385
Vasiliy19_86,5201773849,-8068016824805475697,Василий Муравицкий,Лудоманские Будни | Казино Чат,1328218385
ludik904,1338777607,631515434336263517,1 FPS,Лудоманские Будни | Казино Чат,1328218385
FartmirTyn,6050088879,8988832908427951694,Ф_а_Р_т_О_в_Ы_й C_h_E_l,Лудоманские Будни | Казино Чат,1328218385
pvppro3,1212863291,-5431610322710176062,Pvp pro,Лудоманские Будни | Казино Чат,1328218385
Fghr_1999,6124128019,-8160642296128355325,Победитель по жизни 🕷️,Лудоманские Будни | Казино Чат,1328218385
,6269225523,4642871447773533223,,Лудоманские Будни | Казино Чат,1328218385
irishbeer27,5886084477,6061314247659024195,GuinnesS,Лудоманские Будни | Казино Чат,1328218385
dont8366,5952330183,1247546608965673216,nostress,Лудоманские Будни | Казино Чат,1328218385
sibir82rus,5908085732,-5637067337911319215,Omsk,Лудоманские Будни | Казино Чат,1328218385
diva6755,5907102129,4669804003289753911,Димас,Лудоманские Будни | Казино Чат,1328218385
Mephi3to,691678016,6479161858210690541,Илья Жуков,Лудоманские Будни | Казино Чат,1328218385
Covvidd191,5608136155,8832048456338679694,Короновирус,Лудоманские Будни | Казино Чат,1328218385
dim78788,5904147722,7181982629494628836,Pikoviy,Лудоманские Будни | Казино Чат,1328218385
Petroff38,516339154,-4556407009617130598,Aleksandr Petrov ®,Лудоманские Будни | Казино Чат,1328218385
TuntukTruk,1616087818,46279264546912869,Гарах Денис,Лудоманские Будни | Казино Чат,1328218385
ilnurr1993,6804309513,-2704115298590667803,Ильнур,Лудоманские Будни | Казино Чат,1328218385
kil266,1004268495,7136342263770321484,KILL_BIL,Лудоманские Будни | Казино Чат,1328218385
lud226,919870124,4076092090352750441,Лудик,Лудоманские Будни | Казино Чат,1328218385
,5886317697,5431207122210281330,,Лудоманские Будни | Казино Чат,1328218385
AlekseyKoshkin,659824901,-4693677440506594514,Aleksey Koshkin,Лудоманские Будни | Казино Чат,1328218385
Bumble267,959162694,-2463585826657695668,Bumble,Лудоманские Будни | Казино Чат,1328218385
,5956428668,8041705864263447927,BobrovayaStruya,Лудоманские Будни | Казино Чат,1328218385
Pitwin92,907436914,7415117751299163442,🦇VladiRom07🦇,Лудоманские Будни | Казино Чат,1328218385
RomanSotnikov123,1259420393,-5222321217914583689,Roman Sotnikov,Лудоманские Будни | Казино Чат,1328218385
,6236374205,-4969063082303560627,baobab,Лудоманские Будни | Казино Чат,1328218385
Rimma01,499302818,7815707053442391187,Римма Цейгер,Лудоманские Будни | Казино Чат,1328218385
neverluck,353887639,648068619645342662,neverlucky,Лудоманские Будни | Казино Чат,1328218385
maxoh,991707546,21012216734100657,максимально быстро,Лудоманские Будни | Казино Чат,1328218385
BlackRay51,763695590,8827833322200534890,𝔅𝔩𝔞𝔠𝔨ℜ𝔞𝔶,Лудоманские Будни | Казино Чат,1328218385
bandos777,871666195,8039952874477915062,Евгений Максименко,Лудоманские Будни | Казино Чат,1328218385
stakescum,6047050152,4946890495152933776,разгильдяй 😈,Лудоманские Будни | Казино Чат,1328218385
daysandbox_bot,400753764,8558206274101334757,DaySandBox,Лудоманские Будни | Казино Чат,1328218385
Dimon999,858786596,3443038929493222080,Dimon,Лудоманские Будни | Казино Чат,1328218385
,5478921365,2830399966150823892,ᅠ,Лудоманские Будни | Казино Чат,1328218385
danyaakaev3107,6984492765,36187358916286315,Даня Чайковский,Лудоманские Будни | Казино Чат,1328218385
Dimitry198813,1103636381,5436949528468681628,Дмитрий,Лудоманские Будни | Казино Чат,1328218385
Yevgeniy_fanat,811353967,3153952401660831709,Евгений Буньков,Лудоманские Будни | Казино Чат,1328218385
MishkaRus86,931244352,-1028419064227000686,Михаил Верещагин,Лудоманские Будни | Казино Чат,1328218385
susafox,360595624,123531481438890180,Maxim,Лудоманские Будни | Казино Чат,1328218385
limp228,742109883,6856072300351951796,limp 228,Лудоманские Будни | Казино Чат,1328218385
AlexBes02,865110654,2967603908424446091,Александр Бес,Лудоманские Будни | Казино Чат,1328218385
ROSICH2323,1089921435,-8738415135263988830,ROSICH,Лудоманские Будни | Казино Чат,1328218385
sav07,1206392389,-2887639585660377323,♕༺𝒜𝒹𝓂𝒾𝓃 𝒜𝓃𝓃𝒶༻♕,Лудоманские Будни | Казино Чат,1328218385
championkash,5406973632,2117931033352562594,Серёжа,Лудоманские Будни | Казино Чат,1328218385
ThReeA91,1376343597,-2867899423697845562,Александр Анисимов,Лудоманские Будни | Казино Чат,1328218385
terska228,526625145,-4672928653509442662,Terska🤏 228,Лудоманские Будни | Казино Чат,1328218385
E666KH,209250125,-3466303328566062277,BAD B,Лудоманские Будни | Казино Чат,1328218385
gansasasss,6445144515,2545302602801686527,Gansass,Лудоманские Будни | Казино Чат,1328218385
,5868039293,8658391549237132283,,Лудоманские Будни | Казино Чат,1328218385
masya9753,1443710533,613200254627137421,🐰𝔈𝔨𝔞𝔱𝔢𝔯𝔦𝔫𝔞 💎 🥠 𝔜𝔲𝔯𝔦𝔢𝔳𝔫𝔞 🐈‍⬛🏅🐸,Лудоманские Будни | Казино Чат,1328218385
somicu,1280803794,-3616273587187443042,Somicu,Лудоманские Будни | Казино Чат,1328218385
,5702389265,-2876359800982860307,Harry,Лудоманские Будни | Казино Чат,1328218385
Laki777,335940792,-1586649887345804800,Laki Laki,Лудоманские Будни | Казино Чат,1328218385
IIIaman92,512356362,-1563580924663906432,Шаман,Лудоманские Будни | Казино Чат,1328218385
myrzik10,708423747,4682265915524158530,Мурзик,Лудоманские Будни | Казино Чат,1328218385
Zhdks44,962711918,-4704922445793446801,Макосин,Лудоманские Будни | Казино Чат,1328218385
FastTwoFast,5004857973,4872894304603252229,Original White,Лудоманские Будни | Казино Чат,1328218385
ANTON_ssss,823334402,2750390147830101616,Anton.S,Лудоманские Будни | Казино Чат,1328218385
millioner131988,422289522,689867314278191406,13 dima,Лудоманские Будни | Казино Чат,1328218385
Fsociety_01,447731987,3059789434863521983,マクロス MACROSS,Лудоманские Будни | Казино Чат,1328218385
VasilVslot_TV,863920963,-4381883458804315241,VasilVslot TV,Лудоманские Будни | Казино Чат,1328218385
stas999666,486596803,4343887864472521514,Стас,Лудоманские Будни | Казино Чат,1328218385
pestwrednii,776162331,7216407467278565300,Pest Wrednii,Лудоманские Будни | Казино Чат,1328218385
aaa97aaa97,892532045,4668379878233958804,🧿победа🧿,Лудоманские Будни | Казино Чат,1328218385
me_fire_desire,1777485613,-8849913521681238487,Fire Desire,Лудоманские Будни | Казино Чат,1328218385
VictoryMyWin,1055361819,2011650315615335651,VictoryMyWin,Лудоманские Будни | Казино Чат,1328218385
nomogwainoparty,1202263910,-7790682560957807205,Mogwai,Лудоманские Будни | Казино Чат,1328218385
OlegPetkin,888761646,-2163332068671904775,Олег Петькин,Лудоманские Будни | Казино Чат,1328218385
twitch_ludilchudik,488595463,-3460392724981324965,ludikchudik,Лудоманские Будни | Казино Чат,1328218385
matveika_kubanec,481798826,-4865873394144809566,Matvey Turichenko,Лудоманские Будни | Казино Чат,1328218385
Alekspereval,1408047581,-574660249906567133,Александр,Лудоманские Будни | Казино Чат,1328218385
perst77,441460831,-9096071483139464984,perst,Лудоманские Будни | Казино Чат,1328218385
Hisenok,1122952849,1046481545469134444,Hisenok,Лудоманские Будни | Казино Чат,1328218385
xpprikol,1122059059,1827149071123801678,Хочу Поржать (Илья),Лудоманские Будни | Казино Чат,1328218385
MopozoFFIY,5873108212,-1598902616565251971,MopozoFF,Лудоманские Будни | Казино Чат,1328218385
TiF05,930078663,7578474695577244850,Igor Trufanov,Лудоманские Будни | Казино Чат,1328218385
wolfielooseles,1815067954,-4092685383119262334,Wolfie,Лудоманские Будни | Казино Чат,1328218385
Izyminka_09,431419611,7231710829735591815,𝓤𝓼𝓷𝓾𝓿𝓼𝓱𝓪𝔂𝓪_𝓝𝓪_𝓡𝓪𝓼𝓼𝓿𝓮𝓽𝓮,Лудоманские Будни | Казино Чат,1328218385
,5582076487,7680893448220076323,Николь,Лудоманские Будни | Казино Чат,1328218385
personissa,848589192,5065386289236655352,Инна,Лудоманские Будни | Казино Чат,1328218385
,6587356885,-8523829151121675845,Василиса Кудряшова,Лудоманские Будни | Казино Чат,1328218385
frankiTop7,6397867509,5364957050153492856,Frank Batya,Лудоманские Будни | Казино Чат,1328218385
Dooster22,6597722241,687573018474975151,Фantik,Лудоманские Будни | Казино Чат,1328218385
Denhcikk,5201894152,-2718520188352218329,🅳🅴🅽🅲🅷🅸🅺,Лудоманские Будни | Казино Чат,1328218385
kachosha,516579802,-9214149214173783010,🦉Riasanara🐼💎,Лудоманские Будни | Казино Чат,1328218385
pirer644,883525031,4622828234877249031,Victor,Лудоманские Будни | Казино Чат,1328218385
Lesnoy35,598536756,6703849869557085238,Andrey Osipov,Лудоманские Будни | Казино Чат,1328218385
chircho,869247937,-588612024939277315,🦁ЛЕВ ЗА🦁,Лудоманские Будни | Казино Чат,1328218385
cvtkv,105748324,7867727583873764244,О'хапка Цветков,Лудоманские Будни | Казино Чат,1328218385
koleston1,852782911,7512113821809031314,Garik,Лудоманские Будни | Казино Чат,1328218385
safon7777,1273447519,-3703476278721214019,ВАЛЕРИЙ САФОНОВ,Лудоманские Будни | Казино Чат,1328218385
Arnik3r,5307911516,-6739232765437426548,Артур,Лудоманские Будни | Казино Чат,1328218385
es_777canor,5725582389,-8694900680404106617,Escanor,Лудоманские Будни | Казино Чат,1328218385
Alex5830,632286643,4060582220868592735,Alexander Moskvitin,Лудоманские Будни | Казино Чат,1328218385
IML_77,5641580675,4532899674464417414,ЗАНОСНАЯ ПАРОЧКА,Лудоманские Будни | Казино Чат,1328218385
VNvladimirVN,1888817193,1753464654382156200,𝕍𝕠𝕧𝕒,Лудоманские Будни | Казино Чат,1328218385
statik_ua,1093401124,3639080994071521684,STATIK,Лудоманские Будни | Казино Чат,1328218385
Sul_R,1808000707,3233708196443834913,Sul_R.,Лудоманские Будни | Казино Чат,1328218385
pinupsupport2,2127819847,1618072913466503951,pin-up support #2,Лудоманские Будни | Казино Чат,1328218385
dasich163,1436788153,-5899759260471652102,Олька🔥🐦🦉🐈‍⬛,Лудоманские Будни | Казино Чат,1328218385
saynomorex,337179274,4659830449819704116,Pavel,Лудоманские Будни | Казино Чат,1328218385
kot_ludoman,631629053,7693769318642630924,𝐊𝐨𝐓,Лудоманские Будни | Казино Чат,1328218385
Vintick77,587581595,3742980437992741309,Сергей,Лудоманские Будни | Казино Чат,1328218385
kefogg,74663887,7328445752700878039,Якут Дмитриевич,Лудоманские Будни | Казино Чат,1328218385
Tugarin999,569551291,-2546121912431802519,Andre,Лудоманские Будни | Казино Чат,1328218385
Kregger,869993149,1731359672540323938,Kregger,Лудоманские Будни | Казино Чат,1328218385
Alenka_Morozka,5761752533,9055475603816899992,Аленка,Лудоманские Будни | Казино Чат,1328218385
cashgambler,1340119714,-1620205421627820841,SLOTVIVER Илья,Лудоманские Будни | Казино Чат,1328218385
Victor_HTML,6239645964,-780702615570733602,Виктор,Лудоманские Будни | Казино Чат,1328218385
kim125rus,359095437,-1897146674770782621,Игорьмихалыч,Лудоманские Будни | Казино Чат,1328218385
J0hn_L0ck,6261882803,-8694092451875505751,John Locke,Лудоманские Будни | Казино Чат,1328218385
rubik_legendary,6642111210,-3204162485629070804,Rubik,Лудоманские Будни | Казино Чат,1328218385
lexxxa87,818571477,-3913571715374025603,Lexa.,Лудоманские Будни | Казино Чат,1328218385
dayaffterday,1483814802,-1888392183149073150,Диллер,Лудоманские Будни | Казино Чат,1328218385
ELKmaster0,1146054918,-5973376552300270341,ELKmaster,Лудоманские Будни | Казино Чат,1328218385
Markzmannn,571246197,-1666751191750083960,Markzman,Лудоманские Будни | Казино Чат,1328218385
tigiarrr,5304758967,6640037764399260260,TGR,Лудоманские Будни | Казино Чат,1328218385
MeGaDraiv88,820493052,-8624319548269697328,Rizz,Лудоманские Будни | Казино Чат,1328218385
SMOTryashiy_Za_TELEGOi,930544378,-2648076504989454385,SMOTRyashiy_Za_TELEGOi,Лудоманские Будни | Казино Чат,1328218385
IgorMalishYurich,325224192,-5486479636818704480,Igor Yurich,Лудоманские Будни | Казино Чат,1328218385
Luckerok228,5524320856,-5842407586343089205,Охеревший 🦴 Лакерок,Лудоманские Будни | Казино Чат,1328218385
azat618,1061175326,5021934431874562353,Азат,Лудоманские Будни | Казино Чат,1328218385
korgityt,476806756,-7789363236340559468,Потэйтос,Лудоманские Будни | Казино Чат,1328218385
bn229,5386297656,21275301181336618,bn229,Лудоманские Будни | Казино Чат,1328218385
LAIKROM,1104388081,8050127810626381331,Роман Копей,Лудоманские Будни | Казино Чат,1328218385
,2042215768,138327722788465595,Павел,Лудоманские Будни | Казино Чат,1328218385
Slav1k_88,1080686381,1790175501464209315,Вячеслав,Лудоманские Будни | Казино Чат,1328218385
nastya_goncharova_99,1133473129,-4815985026275003116,𝔻𝕠𝕔𝕙 𝔾𝔹𝕤𝕙𝕟𝕚𝕜𝕒😎,Лудоманские Будни | Казино Чат,1328218385
space_for,375398672,-4292618010510229130,Никита,Лудоманские Будни | Казино Чат,1328218385
Merlinqw,5228723708,-8351979061162887437,MerlinQw,Лудоманские Будни | Казино Чат,1328218385
Vlud083,813973133,6969724124544575519,вЛудь,Лудоманские Будни | Казино Чат,1328218385
,5475712620,-4168117171837072310,Oykb,Лудоманские Будни | Казино Чат,1328218385
vadik9013,481659940,838372746371206071,Вадим Никитин,Лудоманские Будни | Казино Чат,1328218385
Hi_roll,1170267794,-3840705084976013488,hi_:roll,Лудоманские Будни | Казино Чат,1328218385
BANNED2666,631593416,-4005811456612870721,Евгений BANNED,Лудоманские Будни | Казино Чат,1328218385
ArtemKo4ergin,726883900,-5284846493516454587,Антоха,Лудоманские Будни | Казино Чат,1328218385
mka222,870642353,4733577325873235507,Pablo,Лудоманские Будни | Казино Чат,1328218385
GPassa777,1787596151,-1531856806689675557,😎😎,Лудоманские Будни | Казино Чат,1328218385
Viktor8810,1077982716,3616423707047392608,Виктор,Лудоманские Будни | Казино Чат,1328218385
Peng0,62479455,1479401849806463956,Dmitrii Kosterin,Лудоманские Будни | Казино Чат,1328218385
stellarblack,528849170,-3271369572712358691,Andrey Andrey,Лудоманские Будни | Казино Чат,1328218385
SelestMorn,831515558,3811833203062628502,Maks,Лудоманские Будни | Казино Чат,1328218385
PartnerSell,5868754180,-8311312721029698959,Andrey Tilov,Лудоманские Будни | Казино Чат,1328218385
sergio1993_s,1337128945,-8576906506423604172,Sergei,Лудоманские Будни | Казино Чат,1328218385
titimiti38,918822117,-2843634581783924196,Titimiti,Лудоманские Будни | Казино Чат,1328218385
bibibnur,1425531780,-6841571173730614119,Bibib Nurmagodedov,Лудоманские Будни | Казино Чат,1328218385
Heybaoo,584179710,-3025979360524166233,🃏Flexboy,Лудоманские Будни | Казино Чат,1328218385
buffal_o,701215923,-1929037337243791219,buffalo,Лудоманские Будни | Казино Чат,1328218385
Defiler911,398717850,-620192894015058484,Defiler,Лудоманские Будни | Казино Чат,1328218385
ebl0777,833144232,6111916383001787216,Дурачёк Три Семёрки🤪,Лудоманские Будни | Казино Чат,1328218385
ffrfsf23,6164821858,4413722214767226510,Помощница,Лудоманские Будни | Казино Чат,1328218385
dimazzz1998,5671408219,-8151643012580797311,Дмитрий Сергеев,Лудоманские Будни | Казино Чат,1328218385
patriarx777,859693205,4211834558275845745,༒☬🇦🇲🇷🇺,Лудоманские Будни | Казино Чат,1328218385
DraculaGraf,5168548865,-5413796871499435599,Граф Дракула,Лудоманские Будни | Казино Чат,1328218385
Chaislemonom,390697474,395730365049411697,ЧайСлимоноМ,Лудоманские Будни | Казино Чат,1328218385
malaya_cas,711674162,6093417490751448247,Malaya_casino,Лудоманские Будни | Казино Чат,1328218385
Paccan13,5457301748,3514309444035686656,Shark🦈,Лудоманские Будни | Казино Чат,1328218385
gangbangmangcang,5669020723,-8081691473520486886,CardsMan,Лудоманские Будни | Казино Чат,1328218385
yoonmiumi,661614476,676392594353186363,yoonmiumi,Лудоманские Будни | Казино Чат,1328218385
Avill80,509039374,8249428301381741971,Alexandr Avilov,Лудоманские Будни | Казино Чат,1328218385
abuzer223,5140396323,-3597195278283285869,Рамзес,Лудоманские Будни | Казино Чат,1328218385
,576045184,4315535098630052622,Владимир veterok,Лудоманские Будни | Казино Чат,1328218385
t_gocha,955713824,-7189118971250765037,@TIM@,Лудоманские Будни | Казино Чат,1328218385
And_re1ch,614055111,2368998125086836363,Андрей,Лудоманские Будни | Казино Чат,1328218385
borroded,2143399353,5909119953200524275,руслан,Лудоманские Будни | Казино Чат,1328218385
Vitekbsk,962554623,3065284154498640039,я не Виталик,Лудоманские Будни | Казино Чат,1328218385
Rum1in,1009057777,3550693961694852988,Туз в Рукаве,Лудоманские Будни | Казино Чат,1328218385
StreamDNS,1335826049,1792424842012701125,DNS 🍄,Лудоманские Будни | Казино Чат,1328218385
ser_georg,457600877,85583094044712264,АСГ,Лудоманские Будни | Казино Чат,1328218385
vlaknaz,5260128655,4483791778448099715,Владимир Князь,Лудоманские Будни | Казино Чат,1328218385
dbassu,1358584442,-2903898230946411564,HeTy,Лудоманские Будни | Казино Чат,1328218385
kolhozpunk3,1972575766,-8067352326244716428,Колхозный Панк,Лудоманские Будни | Казино Чат,1328218385
Fernan892,1416498974,8176157179590036274,Fernando,Лудоманские Будни | Казино Чат,1328218385
Kokorin778,742403418,8770027884152741313,Кокорин,Лудоманские Будни | Казино Чат,1328218385
bezzzb,1033282203,-6431034963724389320,bb,Лудоманские Будни | Казино Чат,1328218385
AleksandrSevostyanov163,990898452,7671119674931393852,сева163,Лудоманские Будни | Казино Чат,1328218385
,1325229570,3338934117803360650,radga radga1,Лудоманские Будни | Казино Чат,1328218385
ssssssss_12s,1980959779,-2822392094534170522,.,Лудоманские Будни | Казино Чат,1328218385
Qpwoeoek,5933517794,-3708122850782133278,Gentyns,Лудоманские Будни | Казино Чат,1328218385
zloy_moder,823145685,-2388776494092996673,Тот Самый,Лудоманские Будни | Казино Чат,1328218385
Maxsvel1,232627790,3662547698278314356,максим макаров,Лудоманские Будни | Казино Чат,1328218385
oksanaufa10,652457947,890046498349814943,Оксана,Лудоманские Будни | Казино Чат,1328218385
Paralytic,887222997,-4090024676989989390,Paralytic,Лудоманские Будни | Казино Чат,1328218385
HOOLINAMCAS,279070318,-2751682163838548300,Hoolinam,Лудоманские Будни | Казино Чат,1328218385
seva_baller,989966612,6088376522210086654,BALLER,Лудоманские Будни | Казино Чат,1328218385
nakiami,1063151618,3256387280238718196,naki,Лудоманские Будни | Казино Чат,1328218385
nirwanaaaaaaa,5650339402,4381595291406123732,nirwana,Лудоманские Будни | Казино Чат,1328218385
starik534,1052018361,-8002030826709797757,Stari4ok,Лудоманские Будни | Казино Чат,1328218385
olobot,110193686,-6248335089517796889,Зайчатки Разума,Лудоманские Будни | Казино Чат,1328218385
imslille,1791000506,1372576295299819271,Белодерм,Лудоманские Будни | Казино Чат,1328218385
BrodygaEvgeni,498244887,-7258826026383075704,БРОдяга Евгений,Лудоманские Будни | Казино Чат,1328218385
OneTTSeven,395885929,-779165382493916854,Aleksandr ٩(ఠ益ఠ)۶,Лудоманские Будни | Казино Чат,1328218385
,799830809,-1303542593661049589,Максим Цыганков,Лудоманские Будни | Казино Чат,1328218385
ryaba94,394847137,-3285634064881327544,Vladimir R,Лудоманские Будни | Казино Чат,1328218385
Vladimir112986,688357233,-5121537100828785271,В.В,Лудоманские Будни | Казино Чат,1328218385
AUTOCVET,486996798,-5087654416476508131,Денис Кот,Лудоманские Будни | Казино Чат,1328218385
phenomengg,1009091225,-9138218127627920025,PhenomeN,Лудоманские Будни | Казино Чат,1328218385
schuma777,625201273,512923041452089683,Андрей Андреев,Лудоманские Будни | Казино Чат,1328218385
Julechka11,657774324,2084938029717733760,🖤Юлечка🖤,Лудоманские Будни | Казино Чат,1328218385
,853593320,6425599761718717135,,Лудоманские Будни | Казино Чат,1328218385
OlgaM55755,5379220717,-6819097710333189931,Ольга,Лудоманские Будни | Казино Чат,1328218385
Love_me_suka,1096951529,-7714537140424257161,██,Лудоманские Будни | Казино Чат,1328218385
djidaev,839796012,-8354395581045889342,Valentin,Лудоманские Будни | Казино Чат,1328218385
AliKetamin,1146343372,-2760751554419065545,aliketamin,Лудоманские Будни | Казино Чат,1328218385
ROCKYO89,5229816307,-3294916644873324982,🆁🅾🅲🅺🆈,Лудоманские Будни | Казино Чат,1328218385
nadia_beny,925031682,-1841657127277277569,Nadia,Лудоманские Будни | Казино Чат,1328218385
underwater2001,2116872812,-5388251490563749485,UNDERWATER🦴,Лудоманские Будни | Казино Чат,1328218385
nastya198722,1125505754,-296119550029254893,АnastSiya L,Лудоманские Будни | Казино Чат,1328218385
roy_pchel_jr,5246473161,6442570110099671530,Рой🦴 Пчёл,Лудоманские Будни | Казино Чат,1328218385
kasper447,540704046,5966342300205123498,Kasper447,Лудоманские Будни | Казино Чат,1328218385
kopeyika,2134776374,-8364907904687745731,КопеЙка,Лудоманские Будни | Казино Чат,1328218385
Russiz1,722441426,-8975112779113714959,RuSSiЯ,Лудоманские Будни | Казино Чат,1328218385
kirovsergei,1460714706,8224110893002155587,sergey kirov,Лудоманские Будни | Казино Чат,1328218385
vezde7,1999941219,-8921293462520423287,vezde,Лудоманские Будни | Казино Чат,1328218385
zanoslady,5232429032,-2144508231276888053,Oldskull,Лудоманские Будни | Казино Чат,1328218385
gialiya,1049283891,6569687613274693749,Aliya,Лудоманские Будни | Казино Чат,1328218385
Viola991,781047094,158772844324981326,Violetta Topolyan,Лудоманские Будни | Казино Чат,1328218385
lexxxxx127,1176796117,-2855754156049655714,Мир души❤️Просто Жак ) Alexey,Лудоманские Будни | Казино Чат,1328218385
ProstoSanic,1155492520,2503139142006948024,Просто Саныч,Лудоманские Будни | Казино Чат,1328218385
M3XED,517074789,-7092527192942218237,M3XED,Лудоманские Будни | Казино Чат,1328218385
zahar_oleg,698898655,6651227930522644178,Олег Захаров,Лудоманские Будни | Казино Чат,1328218385
CSTSST,300380805,-337525360996889685,MixMaxMox,Лудоманские Будни | Казино Чат,1328218385
tazovodd,484123746,2800386807381827289,Sergo,Лудоманские Будни | Казино Чат,1328218385
donottalkwithmepls,907894478,240053058775976173,ТИХОН😎,Лудоманские Будни | Казино Чат,1328218385
Davvidqa,1948079631,-3759173947283747022,Excel,Лудоманские Будни | Казино Чат,1328218385
quatrorik,204305475,-7171901255724895268,Quatro,Лудоманские Будни | Казино Чат,1328218385
hover2333,1778067823,7020319531778580271,Hover,Лудоманские Будни | Казино Чат,1328218385
ludotron,1498953595,-4977017830996734805,LudoMan,Лудоманские Будни | Казино Чат,1328218385
Tricksterrrrrr,5013858476,522090705724467414,Trickster,Лудоманские Будни | Казино Чат,1328218385
kiskoder,782424027,5002797198942213904,Руслан,Лудоманские Будни | Казино Чат,1328218385
Nastya9217,971886631,-3866324623955612334,♥️𝔸𝕟𝕒𝕤𝕥𝕒𝕤𝕚𝕪𝕒♦️,Лудоманские Будни | Казино Чат,1328218385
Evgenii_2506,791014694,-3923097882094719277,Jeka Piterskiy,Лудоманские Будни | Казино Чат,1328218385
Anabishe,1924575475,-6196844396629817249,ANABIXS,Лудоманские Будни | Казино Чат,1328218385
Tor512,418938078,-8071618517808078101,Tor512 POTUS click 🥠 🧠,Лудоманские Будни | Казино Чат,1328218385
q13th,350915509,7318566111647864717,MARVEL,Лудоманские Будни | Казино Чат,1328218385
Delaidelo33,1197696639,2787178840363969197,Дима Димыч,Лудоманские Будни | Казино Чат,1328218385
garibaldi6661987,549087514,3996560787413148673,Начитанный Григорий,Лудоманские Будни | Казино Чат,1328218385
sv1mer,1099399740,5273069948117972820,miroslav,Лудоманские Будни | Казино Чат,1328218385
ShymaRok,856811205,-5175205595140992409,ShymaRok,Лудоманские Будни | Казино Чат,1328218385
VadimBazarov,469275223,-8511303070410059279,💥Вадим Базаров💥,Лудоманские Будни | Казино Чат,1328218385
Asadullo_9999S,407033628,-9091045780658097475,_𝗠𝗥_𝗔𝗦𝗔𝗗𝗕𝗘𝗞Uz77,Лудоманские Будни | Казино Чат,1328218385
Rybak22,913676367,-6686266789366573826,Александр,Лудоманские Будни | Казино Чат,1328218385
street567,995452407,-4857566990946589730,Паря Уличный,Лудоманские Будни | Казино Чат,1328218385
sav82bd,735344711,5000521003424907473,sav82,Лудоманские Будни | Казино Чат,1328218385
zkstn,290589528,-160375347846014364,Nikolay,Лудоманские Будни | Казино Чат,1328218385
kakulika236,560226999,7173075496011683870,Анна,Лудоманские Будни | Казино Чат,1328218385
Ezhik_v_fufayke,1060652605,-1765283369806316124,ezhik v fufayke,Лудоманские Будни | Казино Чат,1328218385
rexpexfox,724056760,-6687011162897904260,FOX,Лудоманские Будни | Казино Чат,1328218385
fyiooojgdsr,905517700,6757047311837082112,.,Лудоманские Будни | Казино Чат,1328218385
zima373737,1400365374,-581656573395146272,василий к,Лудоманские Будни | Казино Чат,1328218385
G_S_M_afking,893034854,-8309522224430483621,🎲GSM🎲,Лудоманские Будни | Казино Чат,1328218385
BoMbOr4ik,887230848,47719466985904978,Bomber Man,Лудоманские Будни | Казино Чат,1328218385
PoseidonBog,2069970707,5010361692134797408,🔱 Poseidon 🔱,Лудоманские Будни | Казино Чат,1328218385
larslloik,2079359154,7033977764414762816,S ЛЁлик,Лудоманские Будни | Казино Чат,1328218385
duz_zone,1070059408,2080018866789030957,Duz Zon,Лудоманские Будни | Казино Чат,1328218385
kindromswer,1491775977,8387062325734777025,Riki Tiki @,Лудоманские Будни | Казино Чат,1328218385
seriypivovar,1345961120,-4806625978913734418,Серый Пивовар,Лудоманские Будни | Казино Чат,1328218385
lagunaaaaaaa,1287317593,4488385482738868676,Голубая лагуна,Лудоманские Будни | Казино Чат,1328218385
Natusikk1978,1099567582,2587966353059876449,$𝒩𝒜𝒯𝒜𝐿𝐼 𝑀𝐸𝒢𝒜$,Лудоманские Будни | Казино Чат,1328218385
unclmers,1144411835,7164078023450261592,CL,Лудоманские Будни | Казино Чат,1328218385
persikkkkkk12,1360330455,-5156663890148600544,Persik12,Лудоманские Будни | Казино Чат,1328218385
Secretkek,742209515,-4946699715989255776,Secret,Лудоманские Будни | Казино Чат,1328218385
RadCar1990,573179546,-6005303660825206250,Red Car,Лудоманские Будни | Казино Чат,1328218385
rostovcrew,674542104,-4090915703513532865,Александр Русский,Лудоманские Будни | Казино Чат,1328218385
tyftel884,1919178361,-995974048071573993,Strogo,Лудоманские Будни | Казино Чат,1328218385
vanekwf91,1038466053,-6158515469502312998,Ivan Ivanov,Лудоманские Будни | Казино Чат,1328218385
BonusBank777,1955749201,3812525475191917967,Иван Степной,Лудоманские Будни | Казино Чат,1328218385
olegonis555,1368910201,-2679064981937983105,олег шагалин,Лудоманские Будни | Казино Чат,1328218385
evgenijplatonov,544200264,-4488914292433876135,Евгений✨\_™ Платонов \_™,Лудоманские Будни | Казино Чат,1328218385
Bumerol333,1261657387,-6913580406764531755,Absolutik,Лудоманские Будни | Казино Чат,1328218385
pokerist_king,1330918225,1250013677642575626,Валерий Буров,Лудоманские Будни | Казино Чат,1328218385
,1300873163,7052189254571582418,Dauren S,Лудоманские Будни | Казино Чат,1328218385
rAHHu6aJl,19491,-6387887166957466659,Dmitriy Sergeevich,Лудоманские Будни | Казино Чат,1328218385
Elizar1991,1747866541,-7177717596001118065,Елизар,Лудоманские Будни | Казино Чат,1328218385
ch0_kav058,991297362,7776175787412231965,ЧЁ КАВО,Лудоманские Будни | Казино Чат,1328218385
kanekiken51,453811968,899448376439005939,пустой,Лудоманские Будни | Казино Чат,1328218385
yulchik2106,1665958190,-1349907958756677261,Юлия2106 Юлия2106,Лудоманские Будни | Казино Чат,1328218385
IvanOO1,505879860,-4135833823623793179,Иван 001,Лудоманские Будни | Казино Чат,1328218385
EndiWorkal,1381520431,7328421431953864957,Алексей,Лудоманские Будни | Казино Чат,1328218385
lada3135,1094408533,-6607933148979295114,Артем,Лудоманские Будни | Казино Чат,1328218385
Saint50,468116862,-1409754433571935980,Игорь,Лудоманские Будни | Казино Чат,1328218385
fffoxar,872467911,3691904370531891850,Алекс Фокс,Лудоманские Будни | Казино Чат,1328218385
,410148531,8603758868021103449,Asymb,Лудоманские Будни | Казино Чат,1328218385
ValetOOF,1371480514,7433731454672925045,valetoff,Лудоманские Будни | Казино Чат,1328218385
ArturioK777,782681820,4189614316464482339,Артур,Лудоманские Будни | Казино Чат,1328218385
Alex_777899,702522846,218071364829917214,@Alex *89,Лудоманские Будни | Казино Чат,1328218385
Beznakaz,483740343,8628586729001228129,𝓑𝓮𝔃𝓷𝓪𝓴𝓪𝔃,Лудоманские Будни | Казино Чат,1328218385
PartyzaN1975,434569868,197416109896357664,Славян Винтопланофф,Лудоманские Будни | Казино Чат,1328218385
Dinoz8080,575092067,-545078907825918546,Мария Д,Лудоманские Будни | Казино Чат,1328218385
Lerkayaya,639217076,4779759947171025346,Lera S,Лудоманские Будни | Казино Чат,1328218385
Minikotik84,941343564,5388182240283627517,Minikotik84,Лудоманские Будни | Казино Чат,1328218385
morozoff93,1495284241,3558964069840445201,Костян,Лудоманские Будни | Казино Чат,1328218385
Aleksey_5,452139770,-2173800926201025097,Алексей .,Лудоманские Будни | Казино Чат,1328218385
MissKiSsSiK,523719052,2967903787528998652,Torry,Лудоманские Будни | Казино Чат,1328218385
AllCash88,508464504,-5215928566973492369,🐤Maks Gra-Gra Li 🎅🏻 🦴💎,Лудоманские Будни | Казино Чат,1328218385
irish_ultra,1071359521,-1487608786420443552,Ира Ку,Лудоманские Будни | Казино Чат,1328218385
Gidravlikpress,414183500,-3300369467341811570,Dimas,Лудоманские Будни | Казино Чат,1328218385
AndreyZheltoukhov,721974089,5341293884220915652,Андрей Желтоухов,Лудоманские Будни | Казино Чат,1328218385
Lexaludan,920670186,-2031696840461732604,Lexa Ludan,Лудоманские Будни | Казино Чат,1328218385
Irisha_sunshine_lady,462825631,3308408272291126626,Irisha,Лудоманские Будни | Казино Чат,1328218385
mag_alexx,417150374,6306902419629172958,mag_alex_,Лудоманские Будни | Казино Чат,1328218385
Z77LexxA77Z,1491250045,-2953692342216489244,Леххха !!!,Лудоманские Будни | Казино Чат,1328218385
ATURAYNINVE,762311630,-2725108164605360376,GEVORG TER-HOVSEPYAN,Лудоманские Будни | Казино Чат,1328218385
Daratos,636183134,-7434738453448522578,Fantasy Vipe,Лудоманские Будни | Казино Чат,1328218385
ilina2110,1190194685,7711969187852193023,Анастасия,Лудоманские Будни | Казино Чат,1328218385
Natatulia30,1039997855,5120282717491559778,Natatulia,Лудоманские Будни | Казино Чат,1328218385
Ilia11Kav,1441750074,1191785643867438176,Илья,Лудоманские Будни | Казино Чат,1328218385
Kosten43,886072704,6312883162979405960,Константин Шаклеин,Лудоманские Будни | Казино Чат,1328218385
Ivan_ne_bolvan,940622102,6261374714709406989,Иван Не Болван,Лудоманские Будни | Казино Чат,1328218385
,1102092940,-287948340420917256,,Лудоманские Будни | Казино Чат,1328218385
Owhehdu,1290971422,2614658338527886994,Sergey Zharkov,Лудоманские Будни | Казино Чат,1328218385
irinazolina7,729662899,8024514316624202400,Irina Zolina,Лудоманские Будни | Казино Чат,1328218385
batir66,887917335,8170275613244038649,Голос Разума,Лудоманские Будни | Казино Чат,1328218385
ladigold,974693339,-2788112638427591704,ladigold,Лудоманские Будни | Казино Чат,1328218385
crosser_bot,378478810,6770363383624890005,Crosser Bot,Лудоманские Будни | Казино Чат,1328218385
DimanDoa22,656159500,7641265809372136338,Дмитрий Прохоров,Лудоманские Будни | Казино Чат,1328218385
sssniperss,704107102,9182777210575964047,_sniper_,Лудоманские Будни | Казино Чат,1328218385
Rodia888,816005518,8034341850662620174,Rodia,Лудоманские Будни | Казино Чат,1328218385
,978179147,1859829888408885314,Макси,Лудоманские Будни | Казино Чат,1328218385
mdementyevs,1164401559,7038007072426565005,Василий,Лудоманские Будни | Казино Чат,1328218385
SogutoreCS,1358336288,-187639582149024038,Ярослав,Лудоманские Будни | Казино Чат,1328218385
zavialova_marinak,938522179,-2705682103174864196,Kira,Лудоманские Будни | Казино Чат,1328218385
lanap7426,1069456314,-8049259565195059019,Светлана,Лудоманские Будни | Казино Чат,1328218385
,1342808078,-208524764231551509,Айрат Хайруллин,Лудоманские Будни | Казино Чат,1328218385
,1158833525,8002803205319422686,Акоп Оганесян,Лудоманские Будни | Казино Чат,1328218385
muxin44t,1168990739,-6100735982965512199,Ренат Мухин,Лудоманские Будни | Казино Чат,1328218385
Shadp_38,1205991338,4478485842803732653,Shad,Лудоманские Будни | Казино Чат,1328218385
Danilkazazeljg,999416869,7193993807185749649,Danilkal,Лудоманские Будни | Казино Чат,1328218385
,1138847580,-3719661230240813714,Семён,Лудоманские Будни | Казино Чат,1328218385
DmtrStars,1399761201,-5847280122612582560,Dmitry Starikovsky,Лудоманские Будни | Казино Чат,1328218385
DAN1kus9,1218343418,-7648365008539065683,timmoshka,Лудоманские Будни | Казино Чат,1328218385
,591466142,6097688516361313029,Alexey Markov,Лудоманские Будни | Казино Чат,1328218385
,1146514734,1975978988107672897,Алсу Тирамису,Лудоманские Будни | Казино Чат,1328218385
fejjiam,876853936,5222330339726891450,Ирина,Лудоманские Будни | Казино Чат,1328218385
gaxynunu,947727450,6968432188304309084,Френки,Лудоманские Будни | Казино Чат,1328218385
nikita_job_ite,1185170439,3946680711106657980,Nikita Nikolaev,Лудоманские Будни | Казино Чат,1328218385
,536277193,7772461322271872645,Серёга,Лудоманские Будни | Казино Чат,1328218385
,1110199359,6707793867941537227,Екатерина Трункова,Лудоманские Будни | Казино Чат,1328218385
SVETLANASUHUMD,1148693621,-5370670770129174105,Светлана Батюкова,Лудоманские Будни | Казино Чат,1328218385
Hashi1shinLI0,1389574948,-2974897656241296404,Hashishin,Лудоманские Будни | Казино Чат,1328218385
raymizuch1,1086873811,-8229055706392662085,Daemon,Лудоманские Будни | Казино Чат,1328218385
Satoo2gojious,1392415798,7980070089473122222,Владимир Путин,Лудоманские Будни | Казино Чат,1328218385
grep55e,1239199100,6911428828934796764,Иван,Лудоманские Будни | Казино Чат,1328218385
Nenaolt,1156405581,3427368063593821758,S ранг,Лудоманские Будни | Казино Чат,1328218385
Vvvpppoooal,1164880487,-6766450897782256600,Вероника,Лудоманские Будни | Казино Чат,1328218385
alenah1324,1192205170,-8902377359534297223,Алёна,Лудоманские Будни | Казино Чат,1328218385
,1151730817,8328166906233593525,Георгий Макаров,Лудоманские Будни | Казино Чат,1328218385
,1121908930,4838192681410053868,Серж,Лудоманские Будни | Казино Чат,1328218385
alex_kalsine,1248509079,-2969186636760450784,Aleksei Kalsin,Лудоманские Будни | Казино Чат,1328218385
Aleksey_Izhevsko,1122969421,6582411762299574417,Алексей Харыбин,Лудоманские Будни | Казино Чат,1328218385
cmaksimove,1090694127,2462484838020263029,Эдуард Михайлов,Лудоманские Будни | Казино Чат,1328218385
AlexZapr,1069852375,5119700036889730920,Alex Zakharov,Лудоманские Будни | Казино Чат,1328218385
sweetjune_jp,604826874,8551193463821833028,Дима,Лудоманские Будни | Казино Чат,1328218385
ali7enokkk,1028856679,8924555119876301248,Алиса,Лудоманские Будни | Казино Чат,1328218385
Hamon_Ratof,1216350380,-8781223751125063347,Roman,Лудоманские Будни | Казино Чат,1328218385
Btarasovich7vd,1270411499,8308291367857294642,Alexey,Лудоманские Будни | Казино Чат,1328218385
,1110646666,-5479093731024786658,игорь хохлов,Лудоманские Будни | Казино Чат,1328218385
,1153150250,-294606256108842388,Сергей Черниченко,Лудоманские Будни | Казино Чат,1328218385
,975365289,5703013666996224275,Лев Черкашин,Лудоманские Будни | Казино Чат,1328218385
,1256040283,-966875815310491684,Aleksandr Oshev,Лудоманские Будни | Казино Чат,1328218385
,1158400082,6144505018828251210,Ванек Иванов,Лудоманские Будни | Казино Чат,1328218385
Anton_Rukavishnikovr,1326950046,4889416167982116030,Anton Rukavishnikov,Лудоманские Будни | Казино Чат,1328218385
ataurus555,1057848917,-4732219900583844640,Иван Семенов,Лудоманские Будни | Казино Чат,1328218385
elloizi6,1364441238,-6460250613644636781,Элоизий,Лудоманские Будни | Казино Чат,1328218385
Span4_tema5,1197727504,-8684011199021278101,Темирлан,Лудоманские Будни | Казино Чат,1328218385
Codenearq,1257102565,2885455220483561221,Sergiy,Лудоманские Будни | Казино Чат,1328218385
founder_brain,1084728546,6027400481743276165,Артём Кто на йогу?,Лудоманские Будни | Казино Чат,1328218385
qwin13,1332597738,7288295610881484143,Karolinka Gomza,Лудоманские Будни | Казино Чат,1328218385
Vad77,653080603,-641186495938201821,Vad,Лудоманские Будни | Казино Чат,1328218385
RomaR84,606164574,-1698597165633731849,Роман Романов,Лудоманские Будни | Казино Чат,1328218385
